# Compile-only 16 MB family profile; not a deployable board partition claim.
# It intentionally mirrors the S3 reference layout so compile probes do not
# invent a smaller product/storage contract.
# Name,      Type, SubType, Offset, Size,   Flags
nvs,         data, nvs,     ,      64K,
otadata,     data, ota,     ,      8K,
ota_0,       app,  ota_0,   ,      2M,
ota_1,       app,  ota_1,   ,      2M,
wasm_a,      0x40, 0x00,    ,      2M,     encrypted
wasm_b,      0x40, 0x01,    ,      2M,     encrypted
wasm_meta,   0x40, 0x02,    ,      64K,    encrypted
storage,     data, littlefs,,      4M,     encrypted
